batch_size,r2_score,training_time,avg_memory,operation_count
1,0.9999013925259198,0.23311090469360352,608.086201171875,48000
8,0.9998963931940472,0.06184983253479004,608.2395833333334,108000
32,0.9999005802336267,0.03410482406616211,608.3133680555555,216000
128,0.9998965837927545,0.03829669952392578,608.328125,708000
800,0.9823867194974554,0.023276805877685547,608.385625,1200000
