batch_size,r2_score,training_time,avg_memory,operation_count
1,0.9999013925259198,0.0791330337524414,167.41974487304688,48000
8,0.9998963931940472,0.02609086036682129,167.59329861111112,108000
32,0.9999005802336267,0.017019271850585938,167.62890625,216000
128,0.9998965837927545,0.027031898498535156,167.640625,708000
800,0.9823867194974554,0.03003835678100586,167.6676953125,1200000
