Optimizer,Learning Rate,R2 Score,MSE,Training Time (s),Avg Memory (MB),Operations,Epochs
sgd,0.001,0.9999542900273672,0.168785401926671,0.42845797538757324,580.8075125,1280000,100
sgd,0.01,0.9999968019701271,0.011808818215743649,0.05110979080200195,580.9375,204800,16
sgd,0.1,0.9999970039240396,0.011063097526980521,0.01046895980834961,580.9375,38400,3
adagrad,0.001,0.9999231276261715,0.28385347368117564,0.3451700210571289,580.9375,1280000,100
adagrad,0.01,0.9999969969788934,0.011088742680613972,0.3758389949798584,580.9675,1280000,100
adagrad,0.1,0.9999966576260719,0.012341812832924794,0.26658105850219727,580.9965625,1280000,100
