optimizer,learning_rate,r2_score,training_time,avg_memory,operation_count,final_loss
sgd,0.001,0.9997512074392754,0.09560489654541016,192.9860015625,1200000,41.40481160215811
adagrad,0.001,0.005686331284072477,0.10645151138305664,193.16981875,1255000,4283.843862113214
sgd,0.01,0.9999005802336267,0.017514467239379883,193.18250868055554,216000,41.2614250525374
adagrad,0.01,0.055832160773336637,0.1121222972869873,193.187634375,1255000,4063.7792257170595
sgd,0.1,0.9998833095201497,0.00851583480834961,193.20138888888889,108000,41.26767344657023
adagrad,0.1,0.4552500872887717,0.10889697074890137,193.2071640625,1255000,2317.254107710995
