optimizer,learning_rate,r2_score,training_time,avg_memory,operation_count,final_loss
sgd,0.001,0.9997512074392754,0.20346522331237793,656.78125,1200000,41.40481160215811
adagrad,0.001,0.005686331284072477,0.18979716300964355,656.78125,1255000,4283.843862113214
sgd,0.01,0.9999005802336267,0.03316688537597656,656.78125,216000,41.2614250525374
adagrad,0.01,0.055832160773336637,0.19486069679260254,656.78125,1255000,4063.7792257170595
sgd,0.1,0.9998833095201497,0.016683101654052734,656.78125,108000,41.26767344657023
adagrad,0.1,0.4552500872887717,0.19186091423034668,656.78125,1255000,2317.254107710995
